pregunta,respuesta
¿El código es claro y comprensible?,Sí
¿El código hace lo que se supone que debe hacer?,Sí
¿Hay suficiente cobertura para las rutas críticas en el código?,No
¿Están bien explicados los algoritmos o decisiones complejos?,No aplica
¿El código está adecuadamente comentado para mayor claridad?,No
¿Existen suposiciones o limitaciones que deban documentarse?,Sí
"¿Podría un marco, API, biblioteca o servicio adicional mejorar la solución?",Sí
¿Está el código en el nivel de abstracción correcto?,Sí
¿El código es lo suficientemente modular?,Sí
¿La solución propuesta está bien diseñada desde una perspectiva de usabilidad?,No
¿El código sigue las convenciones de codificación y la guía de estilo del proyecto?,Sí
¿Hay partes redundantes o innecesarias del código?,No
¿Existe código duplicado que podría refactorizarse en una función/método reutilizable?,Sí
¿Existen números o cadenas mágicos que deberían ser constantes o configuraciones?,Sí
"¿Las clases, módulos y funciones están bien organizados y tienen el tamaño apropiado?",Sí
¿Se utilizan los patrones de diseño de forma apropiada y consistente?,No aplica
¿Existe una clara separación de preocupaciones?,Sí
¿Se consideran y gestionan todos los casos extremos?,No
¿Hay algún código muerto o comentado que deba eliminarse?,No
¿Existen declaraciones de depuración o registro que deban eliminarse o ajustarse?,No
¿Existen posibles vulnerabilidades de seguridad introducidas o expuestas?,Sí
¿Existen problemas de rendimiento o cuellos de botella evidentes?,No
¿Puede simplificarse esta solución?,Sí
"¿Se utiliza un marco, una API, una biblioteca o un servicio que no debería utilizarse?",No
¿Este código se adhiere a los principios de diseño y análisis orientados a objetos?,Sí
¿Se realiza correctamente el manejo de errores?,Sí
¿Es el código comprobable?,Sí
